filename,label
39d30b68.jpg,Naeimi
4a9853bd.jpg,Goat
d88facaa.jpg,Roman
a3f4f4af.jpg,Roman
16b31730.jpg,Naeimi
967f4597.jpg,Harri
7dce138c.jpg,Roman
8939e4f2.jpg,Roman
64423da9.jpg,Naeimi
1618215a.jpg,Naeimi
3b60c63f.jpg,Roman
5b1c11e5.jpg,Naeimi
f342c91f.jpg,Goat
e8e9810d.jpg,Roman
9db2308b.jpg,Naeimi
4e2af711.jpg,Naeimi
a9ea00d6.jpg,Naeimi
d38a0ad2.jpg,Roman
85eff910.jpg,Goat
fd69bce2.jpg,Barbari
3cea5a50.jpg,Naeimi
76063c1c.jpg,Sawakni
d3d7eadb.jpg,Naeimi
867224e9.jpg,Goat
91f0ec2e.jpg,Naeimi
b4fa6996.jpg,Naeimi
ade0c938.jpg,Naeimi
af44adcf.jpg,Harri
14a8fc0f.jpg,Naeimi
5dc00bc6.jpg,Goat
0dbf646e.jpg,Goat
df741738.jpg,Naeimi
3207363b.jpg,Sawakni
6820ecd5.jpg,Goat
aaa7feec.jpg,Goat
455069ac.jpg,Sawakni
3cab752c.jpg,Naeimi
5e433d3c.jpg,Naeimi
1de9519e.jpg,Goat
862a492b.jpg,Naeimi
f30a0264.jpg,Naeimi
975f573e.jpg,Harri
f0176536.jpg,Roman
bb7539da.jpg,Goat
324b37a7.jpg,Sawakni
c2f372e0.jpg,Sawakni
21dfb4da.jpg,Roman
ee9363c7.jpg,Naeimi
2115d497.jpg,Goat
f13f156c.jpg,Naeimi
9e32a296.jpg,Naeimi
f1f85086.jpg,Goat
383891a2.jpg,Harri
a3ee9c40.jpg,Naeimi
167e7be3.jpg,Sawakni
795a8963.jpg,Naeimi
fc2eef37.jpg,Najdi
3d19e0f2.jpg,Goat
92df4586.jpg,Roman
b8f4ec84.jpg,Naeimi
8a474ca9.jpg,Goat
44386b20.jpg,Goat
b5e9597c.jpg,Harri
9348e005.jpg,Naeimi
3930833a.jpg,Harri
8cca902c.jpg,Naeimi
a3e59b7c.jpg,Naeimi
6800aedd.jpg,Barbari
cc4048ca.jpg,Harri
6b9a6c3e.jpg,Roman
a3467c99.jpg,Harri
59ec558d.jpg,Naeimi
962ac6a8.jpg,Harri
0a1669ea.jpg,Naeimi
3c08692a.jpg,Harri
e4a84c43.jpg,Najdi
9ba755ee.jpg,Naeimi
6e003b4f.jpg,Naeimi
f17fd6a0.jpg,Harri
068d9eb6.jpg,Naeimi
e4a3dbaf.jpg,Goat
f3de7c29.jpg,Harri
7924c265.jpg,Sawakni
4223e6ee.jpg,Naeimi
66189c6c.jpg,Sawakni
c075a8bd.jpg,Naeimi
c2f542b9.jpg,Naeimi
490665b7.jpg,Naeimi
17d1d436.jpg,Sawakni
c2813445.jpg,Goat
5cb45ef7.jpg,Naeimi
0f3995ec.jpg,Naeimi
a28c4247.jpg,Roman
9b2186f7.jpg,Naeimi
f7274f6a.jpg,Naeimi
f8e5abb3.jpg,Najdi
88ecb580.jpg,Naeimi
6dff7534.jpg,Barbari
946df06f.jpg,Goat
5fb0be2a.jpg,Barbari
a4239283.jpg,Naeimi
16bf3751.jpg,Najdi
e6ad6903.jpg,Roman
c00da078.jpg,Naeimi
0b87cbe7.jpg,Sawakni
746e1f69.jpg,Sawakni
5e1e293a.jpg,Roman
8f2fa27b.jpg,Naeimi
3fa5b96f.jpg,Naeimi
4bd6dad4.jpg,Naeimi
5c8bcb01.jpg,Barbari
1f89c0d3.jpg,Barbari
71ce7006.jpg,Naeimi
525be6ed.jpg,Naeimi
53e2cfdd.jpg,Barbari
a0806843.jpg,Sawakni
bb743f01.jpg,Harri
ed2dafad.jpg,Goat
e89a6def.jpg,Harri
0202ce12.jpg,Sawakni
f5e6b5e8.jpg,Naeimi
c0060534.jpg,Sawakni
0648a8a8.jpg,Najdi
308f6135.jpg,Naeimi
d7c9fed2.jpg,Naeimi
5f2fee5a.jpg,Naeimi
c3b7ca59.jpg,Naeimi
3b688d90.jpg,Barbari
a6772e51.jpg,Naeimi
9219fc8f.jpg,Harri
754c47e5.jpg,Naeimi
aaa42753.jpg,Harri
15c0a28b.jpg,Barbari
6eea2d24.jpg,Roman
3ca9a350.jpg,Sawakni
00877b25.jpg,Sawakni
c44bf432.jpg,Goat
c3e9451a.jpg,Roman
82e461b6.jpg,Harri
cf55c748.jpg,Sawakni
ff0cd8fa.jpg,Goat
5ef3b348.jpg,Roman
de0e3434.jpg,Naeimi
d9e9cee8.jpg,Naeimi
c90206bc.jpg,Goat
8f118a24.jpg,Roman
ab95f278.jpg,Goat
1c52a11e.jpg,Naeimi
6aa711fb.jpg,Harri
35f98218.jpg,Roman
6b185724.jpg,Najdi
c4cd0238.jpg,Naeimi
b3c4d241.jpg,Naeimi
59859728.jpg,Barbari
bf1e56cb.jpg,Naeimi
6d1ceec0.jpg,Najdi
e5216dc1.jpg,Sawakni
82ed4c93.jpg,Naeimi
e3ff7b54.jpg,Naeimi
a28afbc8.jpg,Goat
184acaca.jpg,Sawakni
8cb58773.jpg,Sawakni
d909052e.jpg,Sawakni
98a7cc8b.jpg,Naeimi
e144e49e.jpg,Barbari
0510ee8a.jpg,Sawakni
496f4f17.jpg,Harri
29a1ad5d.jpg,Barbari
c2387009.jpg,Najdi
7b8a64d6.jpg,Naeimi
9d91a907.jpg,Naeimi
2ed4e258.jpg,Goat
b22e268b.jpg,Harri
710d22dc.jpg,Harri
1c9c8931.jpg,Najdi
c0b7cd29.jpg,Roman
6061ac1c.jpg,Naeimi
3248a324.jpg,Sawakni
cb8dac3e.jpg,Goat
469f406e.jpg,Naeimi
255ce5e1.jpg,Najdi
03dde713.jpg,Roman
24d9b7ac.jpg,Najdi
cba98350.jpg,Harri
0259213b.jpg,Naeimi
ca4064c5.jpg,Najdi
7fe63ab3.jpg,Goat
cbdee4a9.jpg,Naeimi
8289913b.jpg,Harri
c7000341.jpg,Goat
0dc6ac0c.jpg,Naeimi
58f975c5.jpg,Sawakni
c0a577f1.jpg,Sawakni
89ff2a0f.jpg,Roman
d50556df.jpg,Naeimi
e66958ee.jpg,Goat
ac7f1179.jpg,Naeimi
66cecd7d.jpg,Goat
46beb98f.jpg,Naeimi
40d944d9.jpg,Naeimi
e0bf50f6.jpg,Barbari
975ba57f.jpg,Harri
dc44312f.jpg,Barbari
88d53f81.jpg,Goat
062d5584.jpg,Harri
59b68110.jpg,Najdi
2f3e7171.jpg,Barbari
e842fcfe.jpg,Goat
8ce5e8ac.jpg,Naeimi
9d221581.jpg,Barbari
6ecd711c.jpg,Roman
1e86c28e.jpg,Roman
eca23ad5.jpg,Najdi
c238564e.jpg,Roman
4eaf8c5a.jpg,Sawakni
dee6e096.jpg,Naeimi
df2abb2e.jpg,Najdi
b00f1c7d.jpg,Roman
c69f5891.jpg,Sawakni
2999aa0a.jpg,Sawakni
12cde184.jpg,Goat
3ae7e2f9.jpg,Naeimi
faba21aa.jpg,Naeimi
c7e72600.jpg,Najdi
f0a0d257.jpg,Roman
e2dcb6a7.jpg,Roman
b9782640.jpg,Naeimi
421c2d20.jpg,Goat
716a932b.jpg,Najdi
b354dd3a.jpg,Najdi
6e6a85ea.jpg,Roman
3574eca8.jpg,Sawakni
ca57c90c.jpg,Naeimi
28e66250.jpg,Naeimi
0d8a31ce.jpg,Naeimi
2c128c72.jpg,Goat
5b9fa9e8.jpg,Naeimi
bdb8f65c.jpg,Naeimi
f360bb2b.jpg,Naeimi
9ee82948.jpg,Harri
e4212e78.jpg,Najdi
2578ef44.jpg,Najdi
ee0be817.jpg,Sawakni
7e44bba9.jpg,Barbari
467e29aa.jpg,Naeimi
0166d4c8.jpg,Naeimi
8457b20d.jpg,Naeimi
6779a6fa.jpg,Harri
714cc9d9.jpg,Harri
1a4fe515.jpg,Harri
c962d90b.jpg,Goat
71e78756.jpg,Naeimi
d552b9c1.jpg,Sawakni
7520082d.jpg,Goat
2652fb6f.jpg,Sawakni
63011fdd.jpg,Najdi
b3a99b06.jpg,Harri
f72ad319.jpg,Harri
e43e5d4a.jpg,Naeimi
6d40a2ba.jpg,Goat
2209d7a7.jpg,Naeimi
4176c6a2.jpg,Roman
793da2c7.jpg,Goat
6d8d0882.jpg,Naeimi
b380a863.jpg,Sawakni
29f0da18.jpg,Naeimi
f57bdd88.jpg,Naeimi
70e48cc0.jpg,Sawakni
5d62e1d4.jpg,Naeimi
19204d51.jpg,Najdi
f9cc9bcb.jpg,Naeimi
2f60a4ec.jpg,Naeimi
920a6271.jpg,Barbari
7dfac843.jpg,Najdi
a8ff659a.jpg,Goat
45f638ee.jpg,Naeimi
f247a871.jpg,Roman
ff2da41d.jpg,Goat
9821dde6.jpg,Naeimi
478670ce.jpg,Goat
f500112a.jpg,Roman
a527d887.jpg,Naeimi
f6fe8218.jpg,Goat
cdec8804.jpg,Naeimi
17f133e7.jpg,Naeimi
5d711746.jpg,Najdi
673ae60c.jpg,Goat
07238605.jpg,Naeimi
efe03ebe.jpg,Harri
ba517214.jpg,Goat
f66e084b.jpg,Najdi
83f5f544.jpg,Goat
dcab7dd1.jpg,Roman
719c75d0.jpg,Roman
f6383d58.jpg,Naeimi
ba3e71e9.jpg,Sawakni
5e7ef121.jpg,Naeimi
413ba362.jpg,Najdi
a2680bb3.jpg,Barbari
b50a0b0d.jpg,Naeimi
272c5e4b.jpg,Goat
d04e7d31.jpg,Naeimi
7891157c.jpg,Roman
aed9e5ce.jpg,Roman
c9204f2e.jpg,Roman
9348a281.jpg,Naeimi
58d226c4.jpg,Goat
2104c07d.jpg,Goat
f217c553.jpg,Naeimi
e410c274.jpg,Roman
e80edce1.jpg,Naeimi
58047892.jpg,Najdi
9eff849e.jpg,Goat
351712fd.jpg,Naeimi
9572c62d.jpg,Naeimi
9550b8d2.jpg,Barbari
6ada6fe7.jpg,Naeimi
81e47770.jpg,Najdi
8c02a147.jpg,Harri
e8b1e28e.jpg,Goat
df2bd455.jpg,Naeimi
0129a4cf.jpg,Goat
f98b0128.jpg,Naeimi
fb16b218.jpg,Naeimi
3db832e2.jpg,Naeimi
d755e5de.jpg,Sawakni
341e3e6d.jpg,Goat
cef0b816.jpg,Harri
ad7a28e1.jpg,Naeimi
ffe86470.jpg,Najdi
67f2c752.jpg,Naeimi
c43c3587.jpg,Barbari
3363f220.jpg,Harri
fe826e5d.jpg,Goat
8f908292.jpg,Roman
9cffbbf9.jpg,Naeimi
5ec30c9e.jpg,Naeimi
a2be4170.jpg,Najdi
1c086cba.jpg,Sawakni
707d73da.jpg,Naeimi
1eff1208.jpg,Sawakni
cb09a32e.jpg,Naeimi
2b934ba9.jpg,Roman
dbd395a3.jpg,Naeimi
74dab1a3.jpg,Najdi
d6ff005a.jpg,Naeimi
6c6cfc1f.jpg,Roman
f6c9933f.jpg,Roman
4f0bf6cf.jpg,Naeimi
07515261.jpg,Najdi
abc1e625.jpg,Naeimi
46af9b12.jpg,Naeimi
8bb95f9f.jpg,Najdi
c70070cc.jpg,Goat
eb5e1187.jpg,Naeimi
d82fb9b3.jpg,Naeimi
8ff345c1.jpg,Najdi
7d184426.jpg,Goat
fc05a10c.jpg,Naeimi
7fb477fa.jpg,Roman
8eda6d7f.jpg,Goat
04919ad9.jpg,Naeimi
a0ddb41f.jpg,Naeimi
66f7b11b.jpg,Najdi
8c3783d7.jpg,Barbari
fed3e2b1.jpg,Sawakni
d6042a24.jpg,Harri
cc8a8c83.jpg,Goat
58e03e24.jpg,Naeimi
85483766.jpg,Naeimi
7d83c84a.jpg,Roman
5284a59f.jpg,Sawakni
df526821.jpg,Naeimi
0d8abcaf.jpg,Roman
f63340ad.jpg,Naeimi
0c73a2d7.jpg,Naeimi
a168b096.jpg,Naeimi
dc34059d.jpg,Naeimi
7152a601.jpg,Roman
725c46d0.jpg,Sawakni
6ea36310.jpg,Roman
ca75fc7c.jpg,Najdi
cddb2576.jpg,Naeimi
f90e541c.jpg,Najdi
02fda512.jpg,Barbari
30c66a0d.jpg,Naeimi
00630916.jpg,Naeimi
bd8e7dc3.jpg,Roman
095a2990.jpg,Harri
5ea30f75.jpg,Goat
0b2732d4.jpg,Najdi
e224badb.jpg,Naeimi
1a7f4326.jpg,Harri
2b0abab8.jpg,Naeimi
efcfd379.jpg,Najdi
aa49f095.jpg,Harri
e26aff32.jpg,Barbari
05597cba.jpg,Sawakni
8d577206.jpg,Naeimi
c288c8aa.jpg,Goat
f8d12ae4.jpg,Naeimi
51c55835.jpg,Naeimi
e10b6980.jpg,Harri
3a957622.jpg,Naeimi
e7eeb07e.jpg,Goat
eefe3207.jpg,Sawakni
0c0e1701.jpg,Goat
2746da34.jpg,Naeimi
3973ebfd.jpg,Sawakni
77f119e5.jpg,Naeimi
1756b55b.jpg,Najdi
77aa262d.jpg,Goat
7be4ae24.jpg,Sawakni
996715f1.jpg,Sawakni
3da2ecdb.jpg,Sawakni
e508d376.jpg,Najdi
049825dc.jpg,Naeimi
e48899e5.jpg,Naeimi
8e99b59b.jpg,Naeimi
18755cc0.jpg,Goat
d4e8a507.jpg,Goat
3b145e9e.jpg,Najdi
b95c94a0.jpg,Roman
b414a495.jpg,Naeimi
f7b346f6.jpg,Harri
285536ed.jpg,Sawakni
2aa24697.jpg,Roman
7f41427d.jpg,Sawakni
d699870a.jpg,Sawakni
90db9cde.jpg,Naeimi
7f8212b1.jpg,Goat
ac79b4b9.jpg,Najdi
7db4f5df.jpg,Najdi
0048b660.jpg,Naeimi
3c1201a8.jpg,Harri
5ea26726.jpg,Sawakni
10cccf68.jpg,Naeimi
2aa1b4f6.jpg,Naeimi
609ed957.jpg,Goat
e8698a7c.jpg,Naeimi
3e2674ab.jpg,Sawakni
c12001fc.jpg,Roman
f1df8bb8.jpg,Roman
4c2cce69.jpg,Harri
93e60927.jpg,Naeimi
eac8fd5f.jpg,Naeimi
9ce8830b.jpg,Naeimi
ce711277.jpg,Naeimi
259bd676.jpg,Naeimi
b173b273.jpg,Sawakni
1332731a.jpg,Naeimi
25d3aa13.jpg,Barbari
3e896e52.jpg,Sawakni
70ff9557.jpg,Naeimi
0e426e59.jpg,Naeimi
f5252ef0.jpg,Najdi
954cabf8.jpg,Naeimi
9496d7e4.jpg,Najdi
18280129.jpg,Naeimi
a08bb910.jpg,Naeimi
48abcef4.jpg,Naeimi
b6460a43.jpg,Barbari
31547620.jpg,Roman
68cd2879.jpg,Harri
a3027a27.jpg,Najdi
29350723.jpg,Harri
b1352ec1.jpg,Sawakni
dece6980.jpg,Naeimi
7ea4b2ed.jpg,Harri
70ccc528.jpg,Sawakni
7ae5ee74.jpg,Roman
faa7d3a4.jpg,Goat
49572217.jpg,Goat
6c21436d.jpg,Sawakni
984bcd71.jpg,Najdi
1e4ed56b.jpg,Goat
902f6f61.jpg,Naeimi
12d78b04.jpg,Najdi
8b05f03c.jpg,Naeimi
71795772.jpg,Harri
2666132b.jpg,Goat
afcdb7a5.jpg,Naeimi
f3874874.jpg,Goat
22d5ffa1.jpg,Naeimi
27fbc1f6.jpg,Goat
58faac97.jpg,Roman
47571ae7.jpg,Naeimi
f4b12215.jpg,Naeimi
9acb5ed6.jpg,Sawakni
0527d3b1.jpg,Barbari
c739a71f.jpg,Goat
1b83bb45.jpg,Goat
bd37240d.jpg,Naeimi
ed4d1636.jpg,Naeimi
d7924b87.jpg,Naeimi
543e4c57.jpg,Roman
9d385b7e.jpg,Naeimi
f6ae72ee.jpg,Roman
42355e13.jpg,Naeimi
cfd24304.jpg,Goat
e2127ded.jpg,Najdi
b71b41f6.jpg,Naeimi
681f43d5.jpg,Naeimi
175bc972.jpg,Najdi
1e8d0df1.jpg,Goat
679e665c.jpg,Najdi
ee1e632f.jpg,Naeimi
ab1edae9.jpg,Najdi
57ede5f4.jpg,Sawakni
9be726af.jpg,Harri
bb0412a4.jpg,Roman
e37b42ce.jpg,Naeimi
e3c3f6d1.jpg,Goat
2755d923.jpg,Naeimi
c2158216.jpg,Sawakni
29a239ce.jpg,Goat
c7055aab.jpg,Sawakni
346cb317.jpg,Naeimi
26a0c8a0.jpg,Goat
ab02c8c4.jpg,Goat
29e74a72.jpg,Naeimi
9409a7b2.jpg,Sawakni
ab3c689a.jpg,Naeimi
13618e8d.jpg,Goat
194ac3b0.jpg,Sawakni
3808d41c.jpg,Goat
15a016f7.jpg,Harri
057a4265.jpg,Goat
4c50357f.jpg,Naeimi
0f1dbdf9.jpg,Naeimi
339444bd.jpg,Sawakni
ac2187a2.jpg,Naeimi
74adacb6.jpg,Naeimi
cfa48d20.jpg,Najdi
6f2abae1.jpg,Naeimi
e417d09a.jpg,Najdi
3261950f.jpg,Naeimi
9029b83c.jpg,Barbari
ef84e17c.jpg,Naeimi
9173052b.jpg,Harri
c78f3e2a.jpg,Naeimi
fc48f9e0.jpg,Goat
4baa1e02.jpg,Naeimi
8c0907bc.jpg,Naeimi
f47dfc80.jpg,Najdi
